user_id,most_search,category
99992702,nevertheless,Romance
99986498,the game of thrones reunion hosted by conan o’brien,Drama
99978675,bằng chứng thép,C Drama
99978165,BAC  KI,Other
99971508,BLEACH,Animation
99967600,đại chiến titan,Action
99959760,ba quan mời trầu,Comedy
99952171,khách sạn ma quái,Horror
99950708,ám ảnh kinh hoàng,Horror
99934049,Thể Thao 3,Sports
99932711,cặp đôi trái ngược,Romance
99927386,cánh hoa danh vọng,Drama
99925741,kẻ quyến rũ đại tài,Other
99925110,goblin,Romance
99911894,eva,Animation
99909931,minh châu rực rỡ,Other
99908380,modern,Other
99901999,sửu phi giá đáo,Other
99898384,chuyện tình bác sĩ,Romance
99897989,🔞,Other
99894128,overlord ii,Action
99891590,cô nàng trong trắng oh woo ri,Romance
99891157,Người Nhện: Không Còn Nhà,Drama
99889398,hoa mười giờ,Comedy
99886033,nắm giữ sinh mệnh,Horror
99884790,mùa xuân đó có anh,Romance
99876086,peter pan,Animation
99862582,đtvn,TV Channel
99858417,línhcuu,Other
99853345,TOWE,Other
99850756,điệp viên 007: bóng ma,Action
99850690,ai chung tình được mãi,Romance
99839542,một con vịt,Comedy
99837025,đàn ông không say,Drama
99826419,CA M,Music
99826375,pháp y tần minh: người đọc tâm,Drama
99826262,eve,Other
99823837,ngộ long,Horror
99816861,một ngày nọ,Comedy
99814285,mặt nạ thủy tinh,Action
99809685,ngự giao ký,Romance
99806834,hải đường kinh vũ yên chi thấu,Drama
99801549,một con vịt,Comedy
99796494,Tình Yêu Hệ Nhị Phân,Romance
99787864,nhất dạ tân nương,C Drama
99786338,HARY PO,Fantasy
99786101,nhím sonic 2,Animation
99784349,boku,Other
99780854,monster hunter,Action
99771893,cô nàng trong trắng oh woo ri,Romance
99769488,yêu nhầm chị dâu,Comedy
99742451,Thực mộng quân,Drama
99742175,46 ngày san bằng đám cưới,Reality Show
99741462,lưỡng bất nghỉ 2,Horror
99735059,nàng vệ sĩ của tui,Action
99725900,phim săn Tình Yêu tập 17,Romance
99723707,cẩm tú duyên hoa lệ mạo hiểm,Drama
99723525,ly nhân tâm thượng,Music
99723002,NCT,Music
99720703,lưu ly mỹ nhân sát,Horror
99718983,chuyển sinh thành slime,Animation
99714668,một con vịt,Drama
99707423,vẻ đẹp ma mị,Romance
99705750,bite sisters,Comedy
99699331,viện dệt hoàng cung,C Drama
99675723,học,Other
99664443,huo fo ji gong,Action
99661547,ký ức sát nhân,Horror
99660690,knowing brother,Reality Show
99659954,học viện anh hùng (phần 1),Drama
99658584,hồi kí vanitas,Romance
99655251,zoombie,Horror
99645329,arnold,Other
99642790,Hội Pháp Sư (Phần Cuối),Drama
99642777,phim thai lan toa tinh yeu,Romance
99637591,boku no hero academia (season 5),Animation
99628338,người tình của ân,Romance
99621422,bão cát,Action
99620057,kính song thành,Drama
99619615,dr. stone (season 2),Animation
99616384,hội chứng tuổi teen và cô gái có đôi tai thỏ,Romance
99606367,người thầy y đức,Drama
99604405,hương mật tựa khói sương,Other
99598349,bầu trời rực đỏ,Action
99597974,mặt nạ,Horror
99593997,truy tìm kẻ sát nhân,Crime
99592568,một nửa định mệnh,Romance
99584682,blue,Music
99576464,Hoa gian tân nương,Drama
99566070,cảnh đẹp ngày vui biết bao giờ,Comedy
99565094,tom & jerry: quậy tung new york,Animation
99560603,thả thí Thiên hạ,Action
99552491,boku no hero academia (season 5),Anime
99552035,baki,Drama
99549451,huyền của ôn noãn,Other
99540629,danh sách mua sắm của kẻ sát nhân,Reality Show
99532001,shokugeki no souma : san no sara - shokugeki no souma season 3,Anime
99525874,kẻ hủy diệt,Action
99523810,mat trang om mat troi,Drama
99518821,cho tôi xin,Other
99515722,khúc biến tấu ánh trăng,Romance
99514895,thiên nga bóng đêm,Drama
99511363,one punch man 3,Animation
99509238,cuộc sống thượng lưu,C Drama
99501581,bằng chứng thép 3,Action
99488300,fairy,Animation
99486867,king kong,Horror
99476588,mặt,Other
99470741,demon slayer: mugen train arc,Drama
99470496,lưu ly mỹ nhân sát,Romance
99469255,bầu trời ngàn sao,Music
99468612,HUNTER X HUNTER,Animation
99465107,CO N,Other
99460300,cô nàng đầu bếp của tôi,Reality Show
99459168,định luật tình yêu,Romance
99457939,nhật kí tự do,Drama
99456508,cô dâu bất đắc dĩ,Comedy
99454757,thợ săn quỷ va nghe thuat nau mì,Horror
99454266,boruto: naruto the movie,Animation
99453705,người cha mẫu mực,Other
99445060,định mệnh trái ngược,Drama
99441953,chị chị em em,Comedy
99439763,lục trinh,Romance
99434553,"em tệ lắm, đừng thương!",Comedy
99425402,công chúa aurora,Fantasy
99419154,trần tình lệnh,Action
99417968,tiểu nương tử nhà tướng quân,C Drama
99412508,bác sĩ tâm lý,Drama
99406010,minh châu rực rỡ,Music
99403298,my golden life,Romance
99399694,tình như mơ đời như mộng,Romance
99396616,Thử Thách Thần Tượng,Reality Show
99387544,THAN   TUONG,Other
99383710,cuộc đời đầu tiên,Drama
99383186,săn tình yêu,Romance
99382508,taken 2,Action
99378026,tiểu nương tử nhà tướng quân,C Drama
99376024,bolero,Music
99373900,mặt nạ đố kị,Comedy
99368004,cổ ki,Other
99366091,siêu nhân,Action
99364200,dr. stone (season 2),Animation
99363400,lưỡi gươm diệt quỷ,Horror
99363196,fairy tail,Animation
99361085,toàn chức pháp sư,Drama/Fantasy
99356921,Xem phim Quả Bóng,Sports
99354355,vườn sao băng,Romance
99353753,con cào cào,Comedy
99353674,thượng thực,Drama
99352785,hạ câ,Other
99347244,tan học đừng vội về,Comedy
99339170,chiến binh 12 con giáp,Action
99337734,vân tịch truyện,Drama
99333782,nàng vệ sĩ của tôi,Romance
99326375,học viện anh hùng,Drama/Fantasy
99315586,ngày không còn mẹ,Drama/Romance
99312615,cuộc chiến thượng lưu,Drama/Romance
99309306,penthouse 2,Drama/Romance
99306186,thế giới động vật,Documentary
99305446,một nửa của một nửa,Romance
99302820,tôi yêu người hùng của tôi,Romance
99297875,ông hoàng khách sạn,Comedy
99297566,along with the gods: the two worlds,Drama
99294281,Thử Thách Thần Tượng,Reality Show
99287668,học viện quân sự liệt hỏa,Other
99283976,kẻ quyến rũ đại tài,Action
99272877,uefa,Sports
99265252,thiên nga bóng đêm - eve,Horror
99261068,FULL,Music
99250565,người thầy y đức 2,Drama
99244922,nụ hôn của giác quan thứ 6,Romance
99243265,em là định mệnh của anh,Comedy
99242905,ly nhân tâm thượng,Animation
99241395,keep running,Reality Show
99237776,JUJUT,Other
99235520,vẻ đẹp ma mị,Horror
99233715,hàng xóm của tôi không ngủ đc,Drama
99226689,một con vịt,Comedy
99222666,mắt xích hận thù,Action
99220248,tập làm người lớn,C Drama
99216226,fire phoenix,Animation
99211820,cổ tay áo màu đỏ,Romance
99207817,kẻ quyến rũ đại tài,Drama
99205578,tranh thiên hạ,Action
99198983,tái sinh báo thù,Horror
99188975,tiểu nương tử nhà tướng quân,C Drama
99187880,phim,Other
99186975,giỏ,Other
99177609,tình yêu khôn,Romance
99168074,nhím sonic 2,Animation
99164234,khách sạn ma quái,Horror
99161333,phim hoa gian tân nương,Drama
99156537,bắtmapháán,Action
99149456,bạn gái thiên kiếp của tôi,Romance
99145569,ly nhân tâm thượng,Drama
99108687,tình yêu xuyên thời gian,Romance
99106346,học viện anh hùng (phần 4),Animation
99094715,giấc mộng bên bờ biển,Other
99092688,tattoo twists,Reality Show
99077873,nu than lam kean,Drama
99072824,mộng hoa lục,Romance
99066196,bằng chứng thép,Action
99064956,trữ tình,Drama
99062001,kim tịch hà tịch,C Drama
99057822,nhà có 5 nàng tiên,Fantasy
99049367,bác sĩ khoa cấp cứu,Medical Drama
99046574,strange thing,Horror
99036633,trò chơi khao khát,Comedy
99035449,KEEP RUNNING,Reality Show
99030154,meo hãy cầu nguyện,Drama
99029384,lạp tội đồ giám,Crime
99020003,soundtrack,Music
99018352,thế giới này không dựa vào nhan sắc,Romance
99017670,hãy gọi tôi là tổng giám đốc,Comedy
99015990,siêu nhân,Superhero
99012200,tái sinh báo thù,Action
99010404,ván bài lật ngửa - tập 4: cơn hồng thủy và bản tango số 3,Drama
99009244,tiểu nương tử nhà tướng quân,Historical Drama
99005680,phim tình cảm,Romance
99001722,memories of the west,Western
99001478,mùa hè có hương bạc hà,Romance
98996824,THAN,Sports
98992150,phim bộ thái lan,Drama
98991649,công chuad aurora,Animation
98989661,quý ông hoàn hảo và cô nàng tạm được,Romance
98985506,keep running,Reality Show
98982139,tình yêu hệ nhị phân,Other
98973338,diên hy công lược,Action
98968313,hoa của quỷ,Horror
98968014,harry potter,Drama/Fantasy
98967603,thiên đường THAN TUONG,Animation
98963169,mặt nạ thủy tinh,Drama
98959763,tam sinh tam the cham thuong thu,Romance
98956774,hoàng hậu công lược,C Drama
98950376,classrom,Other
98946985,ánh dương lòng tôi,Music
98943918,street woman fighter,Reality Show
98941607,bắt ma phá án,Drama
98940064,the heirs,K Drama
98931956,bằng chứng thép 4,Action
98929578,bolero,Romance
98925513,the sixth sense,Drama
98923438,ngoài vòng pháp luật,C Drama
98921946,thiên nga bóng đêm,Horror
98918853,chúng ta không biết yêu,Romance
98916109,vẻ đẹp đích thực,Other
98912524,nghệ thuật đối phó,Comedy
98912367,tiên nữ cử tạ kim bok joo,K Drama
98910713,eve,Drama
98908598,con tim sắt đá,Action
98905420,lưu ly mỹ nhân sát,Horror
98904747,bí mật không thể yêu đương,Romance
98897793,10cm tình yêu,Music
98895164,fairy tail,Animation
98886778,quê em miền tây,Drama
98878120,ai cũng khao khác được anh,Comedy
98874347,nhật kí tự do của tôi,Other
98865542,mất dấu,Horror
98859201,attack on titan (final season),Action
98844025,"lương sinh, liệu đôi ta có thể ngừng đau thương?",Drama
98834876,nhật ký tự do,Romance
98831424,PHIM CHUC KHANH,Drama
98831186,street man fighter,Reality Show
98823629,vô tình nhặt được tổng tài,Comedy
98801541,"cạo râu xong, tôi nhặt gái về nhà",Romance
98801471,đảo sâu rít,Action
98785178,đảo Hải tặc,Drama
98777213,bí mật nơi góc tối,Horror
98769380,before sunset,Romance
98769043,người thầy y đức,Drama
98764198,hội pháp sư,Fantasy
98760355,thiên nga bóng đêm,Animation
98759862,nhà k bán,Comedy
98736815,fairy tail final,Animation
98729851,tại sao boss muốn cưới tôi,Romance
98719008,minh châu rực rỡ,Drama
98708576,haikyu,Sports
98688410,Hào quang,Fantasy
98688191,pháp y tần minh,Drama
98686458,sao băng - shooting stars,Music
98681866,ma nữ đáng yêu,Romance
98680648,năm thành hoá thứ 14,Drama
98680287,hạo lan truyện,Animation
98677510,minh lan truyện,C Drama
98667334,XIN CHAO TAY  SUNG  THAN,Other
98667134,phàm nhân tu tiên (phần 2),Fantasy
98665419,bất đắc dĩ,Comedy
98665319,DU,Music
98663880,sửu phi giá đáo,Reality Show
98663422,miễn bầu trời còn có mặt trời,Drama
98662644,Tiền Nhiên công lược 3,Action
98660797,đừng làm phiền tôi học tập,Comedy
98660487,KAROKO,Music
98655593,produce 48,Reality Show
98655119,món quà cầu vồng,Romance
98653848,mẹ chồng,Drama
98636848,Bắt Ma Phá Án,Horror
98632118,tung hoành,Sports
98631046,minh lan truyện,C Drama
98630244,quý ông hoàn hảo và cô nàng tạm được,Comedy
